,User,ETH before hack,alETH before hack,% not recovered by user,is_multisig,ETH to recover
0,0x9e2b6378ee8ad2A4A95Fe481d63CAba8FB0EBBF9,2414.589288409118,2584.272456563707,100.0,True,4998.833198771694
1,0x274d9E726844AB52E351e8F1272e7fc3f58B7E5F,1450.707634666582,1552.6548555450697,100.0,False,3003.345339389307
2,0xC4e24fF2DEe71Ff59A3BBb84989a1d2d2426b201,647.1305568736573,692.6070955243829,100.0,False,1339.7300017722698
3,0x213657bCcC5CF8b74455d110C11D5A8eD6241DEC,483.9135564605091,517.9201619595643,100.0,False,1001.8279974083141
5,0xb234615391112ED2d7D59ed10F9b755D756a1306,344.7458372990166,368.9725520292659,100.0,False,713.7143136107028
6,0x605B5F6549538a94Bd2653d1EE67612a47039da0,223.7527773739307,239.47680975096984,100.0,False,463.22694183370453
7,0x0480B924a6F1018863e318Af33c15F01619B7F2f,208.69653971262446,223.36250804576065,100.0,False,432.0565804678083
8,0x3bCF3Db69897125Aa61496Fc8a8B55A5e3f245d5,208.6435162232613,223.30575837666788,100.0,True,431.9468079362165
9,0xdB68C0F5F08Bbe0f4dd18c9cf409B2E46316d69E,149.90304768307988,160.4373543533675,100.0,False,310.33862982509453
10,0xB2E583B8315dD01A02996E76f879C7E98D60B368,136.57411255724531,146.17173987128157,100.0,False,282.74423779695985
11,0xe32e3BD2EC560513CaB4757564cA50D13cAF9F7F,132.43747957628756,141.74440859514328,100.0,False,274.18032244472636
12,0xB76bF854Ef3A9105A2FFe204608d06C7A5259604,115.0460649233945,123.13082736048041,100.0,False,238.17553216514813
13,0x3C57CB6C743b190cec13CD804afD753531B94ea8,102.39815880114752,109.59410060457662,100.0,False,211.99104881539697
14,0x2ECd81E43C1F66185446F4af7DfEAa6AAE249f55,97.11553862498008,103.9402488769597,100.0,True,201.05463936477545
15,0xCA9227f33b4f395cCc77abAf9eb7BcCe411CD07d,92.30403944366344,98.79062576352005,100.0,False,191.09357395340882
16,0x138Dd537D56F2F2761a6fC0A2A0AcE67D55480FE,82.59978654309322,88.40441490651949,100.0,False,171.0032249232397
17,0x5bDF2dF91ca26331e718Ae3AC7cdba360eE6b950,73.39212974230351,78.54969800953116,100.0,False,151.94096008191363
18,0x9BD874C46C7D73de48A7bdacF7f18882ec2c49b0,49.011848681413646,52.4561138412475,100.0,False,101.46738308577845
19,0x1B72Bac3772050FDCaF468CcE7e20deb3cB02d89,48.56678062248639,51.979769010471,100.0,False,100.54597545784007
20,0x238B4d4EBd41c8570bFa2Fc859caD272e1042502,48.391410599479826,51.792075011189915,100.0,False,100.18291350884414
21,0x593f89adc9EBdC9C65EeEf70bA64Db7F239498C2,48.293889720671515,51.68770093719978,100.0,False,99.98101970897493
22,0xA99b8aE7696aAC49f5208cCF79fd1983db2d7FBc,40.204153912234275,43.029465960767936,100.0,False,83.23314456406689
23,0x79dE94216395eAFe072B8B50216b5648eDb3f609,37.518253767141935,40.154816512365954,100.0,False,77.67262672431474
24,0xf08214cbe3527cf4FD65bfcE128e32C6EEdd2174,36.761100799256184,39.34445527631417,100.0,False,76.10512147173016
25,0x27bE856E8B8d24220E53B933e29D46A477858cE7,33.94507828492509,36.330539222025735,100.0,True,70.27521619520941
26,0x95DB1EC5EfB15ED00781B9D5e95903B5AE7e80E3,33.90026789585023,36.282579821721114,100.0,False,70.18244693559554
27,0xa05527778c5d874ff4926AF98d162E3fbf4d96DB,32.17706533138243,34.43828069150832,100.0,False,66.61496561327694
28,0x91a88dd9C43E1E6D580Abe4C54F1B6b53900A644,27.808920715783216,29.76316850138606,100.0,False,57.571760449437306
29,0x88aAF4a728e14748cea5e9A3cA1306Ac567ba472,24.384509599140156,26.098109863392224,100.0,False,50.48233117950269
30,0x738671901aFfbc417FA370CF936e461BB5315bd0,21.696928342118646,23.221661164378222,100.0,False,44.91833299708413
31,0xa12358e39c9cA9d190a5c60130a64c06211bCcBa,19.481305685013464,20.850337546576572,100.0,False,40.33141291611855
32,0xB2fbF923588764859c3a7aD2DDf90e4d24ED3005,19.26279089810308,20.616466822526245,100.0,False,39.879029988523506
33,0x6763DF505F7F343FbF69f8D5d87433dCdAE2195A,17.998807035416167,19.263657590097765,100.0,False,37.26225183671037
34,0x0175C38d00a114Bd29FBcaf832e7B1a21033644C,16.935101333962013,18.12520089298846,100.0,False,35.0601020136839
35,0x77299Cf68685B96a529D392C7d8EdfC94CBDCC15,16.508042726113587,17.668131111846392,100.0,False,34.175978673544144
36,0x1F020A4943EB57cd3b2213A66b355CB662Ea43C3,14.96647542043831,16.01823150071189,100.0,True,30.984529981734614
37,0xF9A0106251467FFF1Ff03e8609aa74fc55A2a45E,14.45582526586258,15.471695849392267,100.0,False,29.92735021294134
38,0xB97F255b37eEf7D47DBE1deBBECD1f2eCFC37Abe,12.151145561681773,13.005056777767804,100.0,False,25.156058683943918
39,0x6cEaa647f9E67faeA9EDb996Cf1e971BfC35da05,10.72590022208815,11.479653557999388,100.0,False,22.205426974379204
40,0xe651B64F2C2ad84603a8548B37d0173d417958AF,9.716404446551543,10.399216342337128,100.0,False,20.115505917826777
41,0xd179fDCdf88593DdC4d90Ef466563eBBfAbaDC0a,9.713291968810623,10.395885137922306,100.0,False,20.109062272467938
42,0x2fec662b176b5e37A34Ec918010267ca05dC9b5C,8.21643258580893,8.793835259953662,100.0,False,17.010170707943622
43,0xf872703F1C8f93fA186869Bac83BAC5A0c87C3c8,8.089648681778206,8.658141727022402,100.0,False,16.747694769869607
44,0x1CA1D9F2923Da6ECf7Ee14eC5ABf9C66FF6b0C05,7.531575647279821,8.060850594021757,100.0,False,15.592337200124142
45,0xDf4CeF95B19a59e9d2E25F76e3020F9eB52A81c7,7.251796224295387,7.761409914729944,100.0,False,15.013120405507594
47,0x574fb6a08599def6588A7815D670A948B6ef8646,5.318948945241643,5.692733469431161,100.0,False,11.011619532017301
48,0x3D49c72784c4558366c3088779E3d26D2C5E1702,4.887352327779832,5.230806773985787,100.0,False,10.118101321610949
49,0xBC21047CE5935AF898F3C578127f2A91de61ae95,3.933960944347872,4.2104166379259595,100.0,False,8.144331073477947
50,0x5A85DE2d663d78286D1F509f1e71954a6E74DC24,2.8710513525541224,3.0728119963930074,100.0,False,5.943829406276315
51,0x794a15F93CEd01F1B0bE5b184344F0B811851BC0,2.832239001267623,3.0312721407804366,100.0,False,5.863477658231755
52,0x88263dDbBab4236D4a5169B200F1cf5dF08f8123,2.7204608088954796,2.911638832880636,100.0,False,5.632067479444494
53,0x10D7C5d789e04F0B62D93FA141Ab2F8c73547918,2.4160309659362684,2.585815446728761,100.0,False,5.001817849419833
54,0x7E847356f13e2c86aEB08522020789A8364D6086,2.381302067659172,2.5486460052443936,100.0,False,4.929919920236731
55,0xcf2647d1eFabc54dB8CF9263A6629519061e76B2,2.320852359790567,2.483948246581228,100.0,False,4.804773168364604
56,0x084d0cd0605f47D92Dc2DFD22238e9c5605023E9,2.175418808698945,2.3282944788160456,100.0,False,4.503687568879048
57,0x268893Bf0047c3376dDA9D94Cd1d9C7c10eC2EE8,2.0203320761047383,2.1623091605900497,100.0,False,4.182617351553711
58,0xD62C6F55c955A033d97D70d73C156a58367D61e0,1.9148456381925982,2.049409754738311,100.0,False,3.96423275489098
60,0x1928c92C7b9d9A9699776f9Fb57aD6C84b44bE33,1.5572597918956217,1.6666948732144418,100.0,False,3.2239362545872274
61,0x77fb352A851FAa6A1a3AEBAf70E10de6Af50962B,1.500207356041999,1.6056331269107769,100.0,False,3.105822746925729
62,0x94dA015A898C2cC4DB84F4C6897f5B35b092CD37,1.4507637708577563,1.552714936658394,100.0,False,3.0034615560301416
63,0x0C19A07242755b3F107cfB4C74d236a18548541F,1.4504035706849792,1.5523294237308636,100.0,False,3.0027158471882585
64,0xAC87234B21240CdA556bc4EE81eFd9E370fA1696,1.2687799510510684,1.3579423617429571,100.0,False,2.6267073127905682
65,0x2330eB2d92167c3b6B22690c03b508E0CA532980,1.098301192420605,1.1754833561999691,100.0,False,2.27377156408242
66,0xD38beB126F7ABd25fDbA3B2Ef4eE07a113EE83FE,1.0794328964520798,1.1552891070960654,100.0,False,2.2347092420782264
67,0xB9E8C62F360897EA8648FC6f4d98EdDC71D7A8F9,0.9707224726948237,1.0389391525899947,100.0,False,2.0096501490312453
68,0x8a7F162dAaC546997cc36B6B7C528A21800507B9,0.9698213325153583,1.0379746855659446,100.0,False,2.007784552481355
69,0x035Fc3B0ec2487c1c9dEF561F578ec77a06B1b12,0.9671746900024556,1.0351420525457875,100.0,False,2.0023053082379185
70,0x25Bb02dC1FFA8d7F7725484D824EaC95902a34Fe,0.772967320736875,0.8272869288342889,100.0,False,1.600245111254883
72,0x19C29401044097D450D25038a45898A57a7CeA6E,0.4752411282919648,0.5086382864227675,100.0,False,0.9838737962317469
73,0x0F51bDF7Af73eBA84ba964299dF4c16043224F3E,0.4352547959797132,0.4658419492860121,100.0,False,0.9010915995165044
74,0x31896bA604b9110F747654fe5Eb0992882Cd73Ad,0.35121367920916685,0.37589491592032015,100.0,False,0.7271044429465982
75,0x1bc371d79c5D3DaD6a9C2CE7EF7251C3A956527b,0.24283154173827257,0.2598963177346746,100.0,False,0.5027249886252776
77,0x5736d2bDc9483D5B4C654FDF7aecEeE6c5959C92,0.14517738276107467,0.1553795974273714,100.0,False,0.3005552638457173
78,0x55907Cf476998d2F58591C6D0a10eCbbE249A8EB,0.10177800712677794,0.10893036830912647,100.0,False,0.2107071721772483
79,0xde9E6fb9Dc88e8EB25cAeb85972FAF842e171431,0.07039158774004556,0.07533829552032906,100.0,False,0.14572905106401257
80,0xb96f5976bF96b8DBaC576825De2053Bb3bCF1023,0.06289102914803876,0.06731064167823965,100.0,False,0.13020092730439828
81,0x4216C2Fc321dcE8DE1eB46F4DA0bE3287117cF25,0.05432523492348456,0.058142893693366955,100.0,False,0.11246748636307773
82,0xEDe59767894B49f2a1C9fB6c309362C693F24EA1,0.04347760253671608,0.04653295334838834,100.0,False,0.09001004187620333
83,0x83fed4e58eF6bdfd71A570ea588b4170ac7a8566,0.03567164091970077,0.03817843454857324,100.0,False,0.07384965374444658
84,0x01AA31Ae8998f71a91d32105DBcDade03E1A7Bb1,0.02912398395756531,0.03117064667197629,100.0,False,0.06029428631462734
85,0xaBb8B277F49de499b902A1E09A2aCA727595b544,0.024211196540620324,0.025912617379993234,100.0,True,0.050123527686557354
86,0xCf1bF07792B2c42C6D40a54Be79F669F318deB34,0.02417366149340991,0.025872444589892928,100.0,False,0.050045820293000365
87,0x7248Ebb55470dF1a1B6af7073a5067C63c32e0CB,0.007347230493667529,0.007863550744615429,100.0,False,0.015210694376504668
90,0xB0493ED6E24B7831D4D6202132137d2d949BfE2c,0.004870709445265622,0.005212994327336677,100.0,False,0.010083646189206171
91,0x74644035faf6F293a7264FD77aBeE278d1805386,0.004851886850203122,0.005192848990730335,100.0,False,0.010044678480065274
92,0x1244a19E20ede3ABd2956760F072662Fc7df0dcA,0.004838155765415747,0.005178152965868014,100.0,False,0.01001625153274973
93,0x6ab615CF8deCFc488186E54066Fc10589C9293A3,0.004835974755126622,0.005175818686972334,100.0,False,0.010011736269349666
94,0x982F264ce97365864181df65dF4931C593A515ad,0.003511220259609317,0.003757968218195529,100.0,False,0.007269146966811557
96,0xe3933a68C04A685A6088b207E226482f23d13cA0,0.002435955687413371,0.002607140360727657,100.0,False,0.005043067249338128
97,0x40F404FE6C091b951576ECC7bCcE5ECd56c985f7,0.002432320589068846,0.002603249808999563,100.0,False,0.005035541642241037
98,0xA770A33CBf2e97A0eAED41AfaBddB997661CC24a,0.0024195677823025453,0.002589600809797822,100.0,False,0.005009139987041571
99,0x2Cd3211B1D36FEc5d7B62Eb36a93380727385133,0.0018512960675403708,0.001981394293122806,100.0,False,0.003832668473930658
100,0x7F429edeff8afC7Bb3A2CF7DB832Fc86f6FA99DA,0.0015589518809400644,0.0016685058723489939,100.0,False,0.003227439322761697
101,0xBdc505B178e600fF119A648449B7d258AE98ec76,0.0014840887449326609,0.0015883817943848342,100.0,False,0.0030724529938508543
102,0xe85a04Cc499d97826254d76CbB97fFc150f0a44C,0.001476190266820173,0.0015799282575730638,100.0,False,0.003056101072305435
103,0x8C270f234cdCBd30D281799b584Db3d0789E1317,0.0014699882770503644,0.0015732904283509495,100.0,False,0.003043261326635816
104,0x33104A01d2D186FA043EfF6839296f9a7a7ee431,0.001460802701103908,0.0015634593440211828,100.0,False,0.0030242447749549966
105,0x7A4c6e32C31a56bdd78DE86970180D8A0D613F57,0.0014521026536328053,0.0015541479082592932,100.0,False,0.0030062333945773036
106,0x8DCdb2Db0268Cde7B5c55492ef31E4fA3D187ac8,0.0010224290257781707,0.0010942793388479992,100.0,False,0.002116696277077885
107,0x63c4222a3E8CD2cdCe3Cc0Ec2Db20BfCD8451985,0.0009769791383544212,0.0010456355000026344,100.0,False,0.0020226030881347807
108,0x887f9c24363b19A97baC67F8B35DFbE1d91bF16a,0.0009721481669200319,0.001040465036240425,100.0,False,0.0020126017100517797
109,0x5fa18F60c6e4a08493ABd3A4da7B02E20B0Cb2F9,0.0009719816463679306,0.0010402868136009421,100.0,False,0.002012256968828865
110,0xE28970C7c73b4C2ef8BC15238b8b44AD40CEbF3D,0.0007327243299291716,0.0007842158967489046,100.0,False,0.0015169315641298754
111,0x9387FdD19F66865d5265b41cF3DB95db243E8888,0.0007294211645357295,0.0007806806042721576,100.0,False,0.001510093145310975
112,0x93CE565DAe4b644403DCf5A2CE1b5d00ae5d6B97,0.000681899037104743,0.0007298189005502282,100.0,False,0.0014117098759828855
113,0xdFd8AbA3aF398D754a402181657dF5CCFC7E0544,0.0006478061696100302,0.0006933301863598693,100.0,False,0.001341128697356776
114,0xC56a6c92240E4D346E30277Ac0dc6E4D6E1C0a45,0.0006329491981787302,0.0006774291541461635,100.0,False,0.0013103708693565877
115,0xB0FEcff8Ab2b45778Cc022f7f0f98D0A2B0133a0,0.0006046354811120067,0.0006471257151680668,100.0,False,0.0012517540480473958
116,0xA4a4Bc5B32EE23c74c7F638F93e436ea324FCb7D,0.0005900721168970516,0.0006315389231631994,100.0,False,0.0012216040640012536
117,0x2c2d88aa9F4e965993988811381150F57e52F05A,0.0005707417939929694,0.0006108501785815418,100.0,False,0.0011815852250460087
118,0xB3384DfD46FeFdF209d2C896D3e06e584B304c2E,0.0005341895798213293,0.0005717292892594395,100.0,False,0.0011059125536865685
119,0x9F902E72BD7e58270E5c05349A0681Fb89c71cFA,0.0004947130276544091,0.0005294785566256141,100.0,False,0.0010241857355927713
120,0x011951b5341e0C9873334f7eE24796d8E0Becb6f,0.0004944494704200191,0.0005291964781351513,100.0,False,0.0010236401029837933
121,0x163D1A5708e536605E7B7b4B3b46a95dbf517800,0.0004931956032399777,0.0005278544965264675,100.0,False,0.0010210442690187671
122,0x544a40955bA1C7e56E161a59E1319e3313C25251,0.0004931955940198818,0.0005278544866584372,100.0,False,0.00102104424993075
123,0x7075F5B527a8786799aB8165F4780e27Bc4844C2,0.0004930601987591637,0.0005277095766131957,100.0,False,0.0010207639462254847
124,0xF916719c7251e109Cf3D1a977B6CAD198b630C32,0.0004930601932227522,0.0005277095706877178,100.0,False,0.0010207639347636608
125,0xDDF9db63F6f145df73E16F6bE12E8d7913Cf69C8,0.0004930021335875787,0.0005276474309620355,100.0,False,0.0010206437360892084
126,0x7f3c703cBcd18acf9B2D85BC4b59a770d2307Ae6,0.000492973955160852,0.0005276172723208087,100.0,False,0.0010205853993543912
127,0xf85ceCcFe2112E88be58162C43f5Ec959672AB54,0.0004920327911172187,0.0005266099687902477,100.0,False,0.0010186369429069995
128,0x9B62A7eD23E6e2822EE8045694ef0dB9eb099CC7,0.000491902409857217,0.0005264704251002742,100.0,False,0.0010183670194984415
129,0xFA9d5DB5E803c09327DDf7d28102Cb6790e9f4e9,0.0004917578716272629,0.0005263157295715631,100.0,False,0.0010180677874485624
130,0x18650583D5bAfb28C0eD36f9e6350873eD92edfA,0.0004916554675483841,0.0005262061291348526,100.0,False,0.0010178557841436337
131,0xF337B14dA207429eeF360164C150Ed1773f2a386,0.0004899369575846114,0.000524366852373779,100.0,False,0.0010142980177356717
132,0x945294C67752BD0A453975c04e3078c487a858df,0.0004899054114143159,0.0005243330893237249,100.0,False,0.001014232708888273
133,0xBE2800C4DeaD2c7C361Ec51BA6D6a384afEFE224,0.0004898814123358426,0.0005243074037308255,100.0,False,0.0010141830245006265
134,0xd4FA2185bC32F28Ae27215b4b769f387DBA53F59,0.000488721357123025,0.0005230658266440021,100.0,False,0.0010117814059156034
135,0x05612170a8D3a88A515121893f1083EaD5B75a04,0.0004886671593242179,0.0005230078201418877,100.0,False,0.0010116692022554292
136,0xD1bA9FA36bdF2a84E788F72d69b5EEf2464aF9F2,0.000488495635159857,0.0005228242422656333,100.0,False,0.001011314102242638
137,0xFfb8C9ec9951B1d22AE0676A8965de43412CeB7d,0.0004884956328380929,0.0005228242397807093,100.0,False,0.0010113140974359774
138,0x574b7EEf141fEDA2DA9E9e16028CBf61eB506Ca2,0.0004884894775431144,0.0005228176519277144,100.0,False,0.0010113013543607743
139,0xcE83b2D37d19183D66427F5d72E0A7508197945b,0.0004884828844163404,0.0005228105954746744,100.0,False,0.001011287704858907
140,0x3BC78C5FB49F5A50aED564DABea2512B0fAd37E6,0.0004884784328726546,0.0005228058311026166,100.0,False,0.0010112784889957913
141,0x24878Dc8aedEAF05c7097bBFe65a97c2fC13d15e,0.00048800001001103865,0.0005222937874893199,100.0,False,0.001010288028176977
142,0x7a0dff2a955B72159650300a9aCeF97146dd12e6,0.0004876531647252723,0.0005219225679519031,100.0,False,0.0010095699674543322
143,0x317aE3371f777ADeDaAdE238B832311807f5Ca26,0.0004876404545137199,0.000521908964541257,100.0,False,0.0010095436539823987
144,0xF2c09EaFd10A8609658Ce287EEaF72095Ae2062B,0.00048759419041214145,0.0005218594492700633,100.0,False,0.0010094478751565784
145,0xF255F0f4143A5Af7A39141919D80B3E810E02d4C,0.0004875892010674775,0.0005218541093035302,100.0,False,0.0010094375459043672
146,0x8Ce01CF638681e12AFfD10e2feb1E7E3C50b7509,0.00048755639212528,0.0005218189947413739,100.0,False,0.0010093696227878933
147,0x7988A7092c88C703cF2950ce8f85382fEd31CE5B,0.00048720428982304846,0.0005214421487552189,100.0,False,0.0010086406786621953
148,0xEAcF16b7757A9f56AEd5C4C187016B920901033E,0.00048707725246661504,0.0005213061839587372,100.0,False,0.0010083776780111645
149,0xE7421007249799725daaf97014f9c05F8d5E858d,0.00048706903173502874,0.0005212973855223681,100.0,False,0.001008360658940398
150,0xdef5c77905B6F47ba9371db98308eD95AFB5f863,0.000486987020257887,0.0005212096107597959,100.0,False,0.001008190873670255
151,0xDb8c9f8b07f62D8e33C966196546d3CF0f5d9Bd9,0.00048693423171595714,0.0005211531125488637,100.0,False,0.0010080815875414793
152,0x63fdB65CcA5A9E66b7F8d925758cb935281b0Ad2,0.000486928903882057,0.0005211474103060568,100.0,False,0.0010080705575277603
153,0xF0F76D69382191f08cD2f7D77C3D05deF740a3c9,0.00048691833530319924,0.0005211360990294855,100.0,False,0.0010080486777972772
154,0x45faD3d36fA506e7F955711D6D0Dc94a5be8F4B6,0.00048691809313766124,0.0005211358398459744,100.0,False,0.0010080481764510908
155,0x1d06e5ff1510c1E25B9603AbDdcd2D872468267C,0.00048687096998184537,0.0005210854051512519,100.0,False,0.0010079506191576603
156,0x03853B09108931C5C8Ff9b1a7DE689e7E76e7711,0.0004868709675047668,0.0005210854025000987,100.0,False,0.0010079506140294582
157,0xCDa53E2D0f0693430b239eceB3968C46c5119Dd4,0.0004868709659850068,0.0005210854008735389,100.0,False,0.001007950610883156
158,0x18dd0a35977F88E7aDaDE2682e3D9A585Ad3B87D,0.0004865435868286283,0.0005207350154308704,100.0,False,0.001007272850154511
159,0x262BF24eC8D163af884f7FF4c1b9cBfaB38B5bb9,0.0004863924419114356,0.0005205732489357046,100.0,False,0.0010069599405290457
160,0x68faf54c53899957fCD0291d2A2C5EE9a343A4A3,0.0004863023548612133,0.0005204768310961572,100.0,False,0.0010067734367043197
161,0x9CF7aDeB14c2884a37546De3F15cBdD832D4E05D,0.00048629491629372207,0.0005204688697897868,100.0,False,0.0010067580369183997
162,0x51A37A5DCAd4E7884eA251484e09fF9906db1035,0.00048629490146690684,0.0005204688539210299,100.0,False,0.001006758006223003
163,0xce430a8F1382E7A6156064779515d36a2C5101aF,0.00048607408645258237,0.0005202325213230789,100.0,False,0.0010063008612212873
164,0x30ddDDe80843855eA3d7570C11A5c993365E5b20,0.0004860740858085516,0.0005202325206337894,100.0,False,0.0010063008598879745
165,0x176b032C37544f16ec8555a1e6A63454449EDF77,0.0004860740851645289,0.0005202325199445086,100.0,False,0.0010063008585546786
166,0x4890ae58845CEE70b04f7b54dD2d4BbFd8b697D4,0.00048607408442707896,0.000520232519155235,100.0,False,0.001006300857027964
167,0x779205F1618634000E48c583B5fD8C96D0f8C309,0.0004860673034269389,0.000520225261626191,100.0,False,0.0010062868185789474
168,0x8FcFc4d481555D9b99b114E6EF237AD1ebdc222E,0.0004860673027847851,0.0005202252609389105,100.0,False,0.0010062868172495206
169,0xB18BC3fC909351C7E8916a5f9c75942156fC1B7b,0.0004860221382081266,0.0005201769224607969,100.0,False,0.0010061933147287015
170,0xaa8BDB60eE28E7616Bfe4867f58BfE4EDF858271,0.0004858826340469243,0.0005200276147656532,100.0,False,0.0010059045045216273
171,0x06b20B82D9c8C0Ea60D1cC47FAd3f560329BBa21,0.00048566327071822513,0.0005197928358692757,100.0,False,0.001005450364889948
172,0x79d1AFC625a0B6b6944a49851f29e520A17C1331,0.0004856519832381626,0.000519780755171341,100.0,False,0.001005426996845396
173,0x174FE560F3d26AEB40A15fF3b90537a1A778b783,0.0004856268915139144,0.0005197539001479326,100.0,False,0.001005375050394383
174,0x6Ce10eFa053fA3FaD0Cd6C355a337E8338796567,0.0004856268899796761,0.000519753898505877,100.0,False,0.0010053750472181074
175,0x2cAf293D8EDC0891b0410d46216AEf2009355A8b,0.0004850557869036694,0.0005191426616565015,100.0,False,0.001004192714044525
176,0xc0B54011af8591ac7F9DBC635Ce3660b5db903A7,0.00048505578632966184,0.000519142661042156,100.0,False,0.0010041927128561785
177,0xAD1b4891a9A73829d8eC8b188EAA7Dd33f5c9dE7,0.00048443466162294366,0.0005184778873353529,100.0,False,0.001002906821785832
178,0xB290f2F3FAd4E540D0550985951Cdad2711ac34A,0.0004844167918010045,0.0005184587617271748,100.0,False,0.0010028698265669787
179,0x6f6f4d8505623AFAf21Caf9daF80B082602947BD,0.0004661692679246905,0.0004989289089358884,100.0,False,0.0009650926656286078
180,0x5f222918741500fABf6EED0bb16841d028d6d350,0.00046272891197117493,0.0004952467849514393,100.0,False,0.0009579702263638514
181,0xfC09a127b94153Df7924F3df757BA484BB02B903,0.0004462833369716905,0.0004776455114315349,100.0,False,0.0009239235722703609
182,0x304c161c3A71FbE5867022648fBc7d9aA994A02d,0.000439788236540956,0.00047069397345100264,100.0,False,0.0009104770106466639
183,0x9124554Cbfe5ec995DeC1d7437fea8dFf50e5CCC,0.0004384879939146167,0.00046930235740175213,100.0,False,0.0009077851673430414
184,0x87AD3E74a9d79DE2D6333E096f42A5f5c6073775,0.0004283993846768334,0.00045850477989927937,100.0,False,0.000886899099874195
185,0x7Ebbe8c7A628849F4305780177a0a6cf69B6362C,0.00041970711107997075,0.0004492016643139004,100.0,False,0.0008689038134553475
186,0x2702811b54ad6F58BAdBEb17007a1303a21Af45F,0.000397793188554739,0.0004257477598883822,100.0,False,0.0008235362455793988
187,0x40a3C1c8530fF6C77A2986d56a7f3c2a17f03eCb,0.00039457676055848576,0.0004223053002041872,100.0,False,0.0008168773959247963
188,0xC8723b6a1673bBd73ED7D1C4aAaaC7441E59A979,0.0003918973734625605,0.000419437621503834,100.0,False,0.0008113303618052604
189,0x9B3170698A1DCca963C7d36E0B9496b915a7471c,0.0003918659503525577,0.0004194039901620279,100.0,False,0.0008112653077249477
190,0x0E861F1D1A0D4fdC90FE18CAcae65bB750105dBc,0.0003900716552754103,0.000417483602554463,100.0,False,0.0008075506462530802
191,0xD95345A1b3489Eb586cBaC242c3eAd57ecf368e1,0.00038953467088660763,0.0004169088820534449,100.0,False,0.000806438947711695
192,0xc61c2F6769dad4B5A99FA13CEad5e007739b85F1,0.0003729311135991792,0.00039913852417732367,100.0,False,0.000772065228841771
193,0xE3369C94757681f339D032Ec66Aa2aC59E9A7c26,0.00034619441232311085,0.0003705229244068802,100.0,False,0.0007167132438868015
194,0x125EaE40D9898610C926bb5fcEE9529D9ac885aF,0.0003461015934971787,0.0003704235828184542,100.0,False,0.000716521084569783
195,0x0b45e2ab5b3846ecF56e652c5CB40039797C07A2,0.0003444753401294769,0.0003686830459057295,100.0,False,0.0007131543135155479
196,0x7179eD411c63ea4BA21568142E57f6cDa4568E12,0.0003429093659441105,0.0003670070242426008,100.0,False,0.0007099123361806005
197,0x3e6b87FF2168d15794A865D09A6716415e7DbeCf,0.00032126899131236687,0.0003438458910515471,100.0,False,0.0006651110841986164
198,0x9234A405B420A746eAA6631F80C8Df3c86629505,0.0003054121288214567,0.0003268747013011874,100.0,False,0.0006322832194232596
199,0xBDa9A3C241053BdC27423e6ceee83Ba0e26Bace2,0.0002922236315906332,0.0003127593938653876,100.0,False,0.0006049795706761115
200,0xc77704F8ff4b11a827d9AE0ef9a6DF5271F7a956,0.00027198138297130465,0.0002910946387797259,100.0,False,0.0005630728062827521
201,0xaB32bf707C9D9F78f1101F9b7B4D6B4b3727b6ea,0.0002472126996279461,0.0002645853576954207,100.0,False,0.0005117951346799675
202,0x6DC75Ab02d614ac94537f774C1DAd8C8F6d0f6b0,0.0002467291297637423,0.00026406780537839314,100.0,False,0.0005107940182156846
203,0x2Dbb7EaF854059c9FC0484B96d6f2567dC5F3E15,0.0002445955981978794,0.0002617843417320761,100.0,False,0.0005063770482269336
204,0x89D345e4910B201a4780e0bfE286f56AdfaD7bE0,0.00024424478548990463,0.00026140887596529593,100.0,False,0.0005056507738996211
205,0xd377dcD7bCDA8539b34F0DEb07f21E75D1441A80,0.0002437947849159478,0.000260927251991274,100.0,False,0.0005047191546717218
206,0x66778B537dbc0B4F4E20faC8909d10044678948D,0.00024356590053276753,0.0002606822829565691,100.0,False,0.0005042453039597957
207,0x7c950FDE7dD26Fe40896d93B8Fb7532B8ce5C45D,0.00024346713684223888,0.00026057657873334276,100.0,False,0.0005040408372136628
208,0x1BFDa4D1bd8A28caB70f53D30ba7FA2A10d2C221,0.0002434591687608239,0.0002605680507019168,100.0,False,0.0005040243411950237
209,0x4f1e5f4cb3Da9Cc3581b5aD1CE1142A435d7E822,0.00024343548535519922,0.00026054270296550167,100.0,False,0.0005039753103329782
210,0x6b4cfEb349E5Effe40b2ca9A63DA19E8213c406b,0.00024343548343146718,0.00026054270090658104,100.0,False,0.0005039753063503482
211,0xa77CE92A601D504a6D64af843EB5a3994616969c,0.0002434354816995372,0.00026054269905294113,100.0,False,0.0005039753027647988
212,0x1AbEf1717803CE81190aFA035a27Bc67F6Df395F,0.00024314127897688618,0.0002602278214891075,100.0,False,0.0005033662259564916
213,0xC48f0a509f8D7ef050022a78Df5FeFA0fC3a2FEb,0.00024303365102341115,0.000260112630074544,100.0,False,0.0005031434078608721
214,0x4D918A4aaF735Dedc39055b94b17C32ecd5E10AB,0.00019592670370953015,0.00020969528289237853,100.0,False,0.00040561967028123337
215,0x8f4991E099B50B18d782783DA7b2fc6008047629,0.0001948157540037534,0.0002085062621595159,100.0,False,0.00040331971297666774
216,0x4F0614814995beF67c4cc95a36eCC76Ab46296c0,0.00017877829276675603,0.0001913417822428146,100.0,False,0.00037011796142398995
218,0x09e3Ab1Ce8126bc411d7132cb4673409a60023cD,0.00014816872211514305,0.00015858115056026353,100.0,False,0.0003067481209679161
219,0xf2f94D2ACD63f089E2D9E82bc8edB0fbD40A28Fd,0.00014803747734803537,0.0001584406826809713,100.0,False,0.0003064764098731422
220,0x8c0ef417bcE72956f4C3CE1e8496C8bd886Dd9cE,0.0001469804623854841,0.00015730938690863863,100.0,False,0.0003042881116346948
221,0x50DEa4112F8900373066aBcE52Fbd89708233358,0.00014696151467415516,0.00015728910766332874,100.0,False,0.00030424888490206305
222,0x4E402F530f7B4EFD2c4D7227F5Ec2c9e4Ca2897E,0.00014640854178950228,0.00015669727508878085,100.0,False,0.00030310408598031987
223,0x424ca2aC3d4b3a85979b02aC4Ed4ACE51a6f5F6c,0.00014639938058401736,0.00015668747008752565,100.0,False,0.00030308511988188705
224,0x89C8121115955831056958861c6800f0298B820A,0.0001463723327859234,0.00015665852152887822,100.0,False,0.00030302912384491513
225,0xd20c9018a5097e922e9c0539aef389c871e76C3F,0.00014623185534021793,0.00015650817215250696,100.0,False,0.00030273829868361667
226,0x0d2DcFb901C476AEb9105e38A7b7b451FD109A92,0.00014616128720724904,0.00015643264490519494,100.0,False,0.0003025922041376193
227,0xA176574D000B6c0ebd512397a7b8A6F2EC1716E5,0.00014612317543190228,0.0001563918548578887,100.0,False,0.00030251330276553836
228,0x7Ed7380023e63B1F59D546Fd9B8E982f2A31ca73,0.00014606129131853197,0.0001563256218921212,100.0,False,0.0003023851864180183
229,0x5500E69d58D8f80B236C8A72FD52C538a5D5237f,0.0001458222247873412,0.00015606975516778502,100.0,False,0.0003018902559888276
231,0x3753e4AB8Fb6437A045A7790FC296cEffD6E4337,0.00013609989510714635,0.00014566419720114904,100.0,False,0.0002817624832831091
232,0x4B2F6D3A23bADb60c8405d50289eF3daB9109936,0.00012166486582931003,0.00013021475875980593,100.0,False,0.000251878186220385
233,0x110cf43a8719A1b074903269F082A7c216B1A466,0.00011665705298913049,0.0001248550262153827,100.0,False,0.0002415107000400673
234,0x1be32718D0e44B0140FaC069bDE714e4aC920d90,0.00011053839809327542,0.00011830638815321561,100.0,False,0.00022884347941913124
235,0xfD19Ba3c96EE9A8c0be474Daa9664CaE22824F0C,0.00010747030098043456,0.00011502268317662256,100.0,False,0.00022249171360191875
236,0x9F6c6910A8B1199251a9E213a50a8ba3DFA8d7BE,9.871450361030566e-05,0.00010565157973990294,100.0,False,0.00020436491630946665
237,0x2E339c5a9119262916E34333D0334224FeD09d0F,9.87145034257991e-05,0.00010565157954243034,100.0,False,0.00020436491592748965
238,0xf5d7E1459Fba52D900101091a10Bb8D457bfc2e8,9.864339197527952e-05,0.00010557547079639797,100.0,False,0.00020421769657164455
239,0x854bD703084706dF2777557659417b76E9FC3BEB,9.838928352565128e-05,0.00010530350509585143,100.0,False,0.00020369162542563743
240,0x061b69C1000EAC01a85b5216BfF34f3e8932E8C5,9.797434359281974e-05,0.00010485940561910298,100.0,False,0.00020283259092163653
241,0xb1d2190C3BC2983c37DFD7dcE522aFE7E5Ff8c25,9.771447958435929e-05,0.00010458127989281888,100.0,False,0.000202294604259104
242,0xc880F2445871b41b3E096718Ed223220613AE9Ea,9.769789568287917e-05,0.00010456353057204487,100.0,False,0.00020226027123291114
243,0x3C8981A1d0e563536906ee27dAA89A5E65312A34,9.769761550586109e-05,0.00010456323070582983,100.0,False,0.00020225969119299036
244,0xFf5eff0014d27ce509AF4953bC4Bcc365c8Cf925,9.756596217649128e-05,0.00010442232555291686,100.0,False,0.00020198713426716378
245,0xfa28e2f1bd87212aFC52B4EF9Aa83A2C26003454,9.75178400359897e-05,0.00010437082167072617,100.0,False,0.0002018875088133899
246,0x8366725944Fde1feCb61892dFB80AE27a1A85203,9.744205081044056e-05,0.0001042897064230809,100.0,False,0.00020173060523620478
247,0xB2f390aF1b11083154A0a15Bfd3e555f57D82737,9.74420506868742e-05,0.00010428970629083101,100.0,False,0.00020173060498039
248,0xb037a6640d61028769538b9221F729e7Cce42Bc4,9.743914567160592e-05,0.00010428659712813417,100.0,False,0.0002017245908367691
249,0xD5f58F8c3a22DcB55cA66583b8234D489983ACC8,9.743822804963747e-05,0.00010428561502107771,100.0,False,0.00020172269111859266
250,0x4607f21737448F0b7e833dd6b9fA19D72fb60b68,9.74154503564738e-05,0.00010426123664528126,100.0,False,0.00020167553531891917
251,0xe1dEd22ca713eb479BBd50c055714aBccA8CA57E,9.740475844272852e-05,0.00010424979336657025,100.0,False,0.0002016534002528668
252,0xB8835F94AB499636f5379Ae4D6933055E068533b,9.739740393582973e-05,0.00010424192202807746,100.0,False,0.000201638174494423
253,0xb92505a3364B7C7E333c05B44cE1E55377fC43cA,9.73875610375104e-05,0.00010423138742861512,100.0,False,0.00020161779711300783
254,0xa731c24Fc9CA345F43d8614248F9Adcd5Ed4e281,9.738685480415071e-05,0.00010423063156531858,100.0,False,0.000201616335024701
255,0xE38C5fA37006B4Cc9Ff0f7054d902922307488D3,9.738366763482583e-05,0.00010422722042043351,100.0,False,0.000201609736748171
256,0x2d481C39E28c71915feE81854D1C95cBcf5a5d74,9.738366758265317e-05,0.00010422722036459447,100.0,False,0.0002016097366401599
257,0xFCE06794701C67c422e7b84d3e58F9d121fD4482,9.738361851641087e-05,0.00010422716785026455,100.0,False,0.00020160963506016778
258,0x3Da61E0091023AEF38a2232BaeF1DCC1074d0D52,9.730871749344633e-05,0.00010414700322287019,100.0,False,0.0002014545702953175
259,0x45F7093565B72E8fE5e97BC84D8f9919Cc7Ae15f,9.721346048006365e-05,0.0001040450521054851,100.0,False,0.00020125736329071466
260,0x942A099A6791359370751904A70C4E3fb0562BdD,9.717652690793463e-05,0.0001040055230586059,100.0,False,0.00020118090110834934
261,0xd69bb3402F7fb5eE221C72424C415d337fB8942e,9.713764280093549e-05,0.00010396390640471022,100.0,False,0.0002011004008071573
262,0x234980496c21E6d618a3b44113B61Bb4b39096Ff,9.713745756854112e-05,0.00010396370815526999,100.0,False,0.0002011000173275126
263,0x2E36623B7FfB5829E6d61Bc4D5F70Aaca4c1c4a2,9.710669360328992e-05,0.00010393078227904127,100.0,False,0.00020103632784973613
264,0x1abB0eCCAEd5E87914Ac8f412E19d1f86963c823,9.710208505672954e-05,0.00010392584987086817,100.0,False,0.00020102678694948665
265,0x7452e7D530078dbd6a2Ed65007BEA00A4D60F138,9.707988648437948e-05,0.00010390209131309826,100.0,False,0.00020098083008180672
266,0x90B0D2d51464EFefB38AAD00F954649cb5d16040,9.687363565982845e-05,0.00010368134639072598,100.0,False,0.0002005538367732598
267,0x942fEC89e62C34Ecfb26694654bEC567FBDF68B5,9.36699829111396e-05,0.00010025255972353838,100.0,False,0.0001939214352321955
268,0x7E939785E4202d42D22187292328Dc9FF3025D97,8.289003520442648e-05,8.871506054080549e-05,100.0,False,0.0001716041157874279
269,0x0fb20260d3E8b9D3023Ca3A5d3423Da7C316e6a8,8.286471791394572e-05,8.868796409969297e-05,100.0,False,0.00017155170235514538
270,0x6f15F9D78325A25a3ED808C48B43A3AF08B828dD,8.27965497358675e-05,8.861500546202018e-05,100.0,False,0.00017141057634530472
271,0x4bb9635ac0248fD700f6d4e652a8fD39fD0A879b,8.161424258030539e-05,8.734961269647435e-05,100.0,False,0.00016896289040188562
272,0x836d21C8C62df5bC4803DB955dF4c29Df9C9C88B,8.034152596585723e-05,8.59874570257282e-05,100.0,False,0.00016632803316323557
273,0x1aeeaa375b4112f537FaFDEA5AA3BAB0e1257557,7.915866897236253e-05,8.472147578286592e-05,100.0,False,0.00016387920891106786
274,0xf5da9CD791998918f4631513a7d43d3cf66c7609,7.794108858298247e-05,8.341833098758682e-05,100.0,False,0.0001613584981211113
275,0x6e61851aa4312e1bEa08E63eF6037C55758Fb34c,7.793104498694124e-05,8.340758158654425e-05,100.0,False,0.00016133770524276672
276,0xf577e9A796315C0d5d1A78F463b330586EbeD64D,7.792630169873528e-05,8.340250496787331e-05,100.0,False,0.00016132788539196678
277,0xAe5a1F310dD053B752DD967800122983849a174D,7.791004868691042e-05,8.338510978973812e-05,100.0,False,0.00016129423739415615
278,0xC5063a157362676A666A06006ae836057724651b,7.329376389684811e-05,7.844441958959561e-05,100.0,False,0.00015173731697944146
279,0x6DFfF150bd18d8A99aB3CdcbA88C15d73416D77a,7.304013529013373e-05,7.817296745250756e-05,100.0,False,0.0001512122392341338
280,0xD920B68db744CBDf5bc8f63B6B2Bd560292aAB5d,7.288568448900553e-05,7.800766275527983e-05,100.0,False,0.0001508924855617545
281,0x68cf459bbe2B090f17833D885dfD291cDDb586B0,7.284403341098335e-05,7.796308468387215e-05,100.0,False,0.0001508062569047397
282,0x1896fC3907a5D4B719CFC44318C4E3500060a270,6.819091467305873e-05,7.298297206212608e-05,100.0,False,0.00014117308055602425
283,0x70F5D1620C738F25eEcecc3473272D18E2a29FA9,6.783079016793497e-05,7.259754011972807e-05,100.0,False,0.00014042752836603258
284,0xa00D8616EAf858394cace2a51331e70ab22D7333,6.540486285771067e-05,7.000113287169918e-05,100.0,False,0.00013540522248802297
285,0x5602551C4d64623BD4b2f189c0f1CAD29a4eB108,6.412031785521702e-05,6.8626317583196e-05,100.0,False,0.0001327458773834101
286,0x05a4818FAA4E68BDb9B6402d7EE8C7fcE164B392,6.340704292954677e-05,6.786291788072253e-05,100.0,False,0.00013126921118787626
287,0xdF2aDF272e40fE277321B21AA58DDCcc3Bc648eE,6.16642744853985e-05,6.599767789560351e-05,100.0,False,0.0001276612233622863
288,0x30c1Bd908E3F1EbB8B94eAe008A686b87525B93e,5.961646284653851e-05,6.380595806981764e-05,100.0,False,0.00012342171610765543
289,0x687922176D1BbcBcdC295E121BcCaA45A1f40fCd,5.889736466636884e-05,6.303632588868512e-05,100.0,False,0.00012193299424780785
290,0xa8180E17db4487Fc72717c44916362842Cc1AdaD,5.8779535141161243e-05,6.291021599578295e-05,100.0,False,0.00012168905622272395
291,0xc14e6A977065eF49354Ebd903B5e02b0ccA2d431,5.8438033514884714e-05,6.254471563889218e-05,100.0,False,0.00012098205827691993
292,0x45a1f7FABfD9c69384f75740A8C1CC4aeD33D7A9,5.843803350123931e-05,6.254471562428787e-05,100.0,False,0.00012098205824867037
293,0xb7985A153FF4C8fc197b859F6f7979B126Aaa315,5.827269149174549e-05,6.236775434847218e-05,100.0,False,0.00012063975691809754
294,0x23E1984B39de147559829357fCE054034c916675,5.82612510206942e-05,6.235550990823968e-05,100.0,False,0.00012061607214206737
295,0xaE614A105593524BFc3dcd808e0777dE0eB3429F,5.50239719270348e-05,5.8890733833851656e-05,100.0,False,0.00011391405524637565
296,0x2cD1E22eB8f28b96aa30ae161c21d4AbCC48921b,5.442604095996507e-05,5.82507837866356e-05,100.0,False,0.00011267618130105922
297,0xd969cB4923141027dDEC64749B5083a541AAeA12,5.439392757084784e-05,5.821641365694897e-05,100.0,False,0.00011260969816191217
298,0x53A60AC4f0f3758731d41e5a13aE38Db48B7Bb40,5.407021576198038e-05,5.786995328145722e-05,100.0,False,0.00011193952980459821
299,0x18FdD3197f863E30c0b7654134e681f96E2a7343,5.363481203850928e-05,5.740395193892952e-05,100.0,False,0.00011103812988610929
300,0x43E4f031F795DCAFD662ce097f53b5f908f39dC8,5.3625238700470775e-05,5.739370584286297e-05,100.0,False,0.00011101831056518391
301,0x4dD6720D2Bb8721A46bdF9a528704164578E03B9,5.357965326181953e-05,5.7344916927045154e-05,100.0,False,0.00011092393674964341
302,0x2Eeaa7534aA31545E98319ed72827dA53264775f,5.356218617164704e-05,5.7326222352259394e-05,100.0,False,0.00011088777529118779
303,0xD3761e84F595669f33aBC37310C4E5aeD26CB377,5.351979459816238e-05,5.728085174771282e-05,100.0,False,0.00011080001361432601
304,0xcc4E31786A29DA13820C4CF179c021D50F17F1c2,5.150658709734117e-05,5.512616783575545e-05,100.0,False,0.00010663214600245904
305,0x33Ad49856da25b8E2E2D762c411AEda0D1727918,4.9670977264445634e-05,5.316156211381303e-05,100.0,False,0.00010283195214890493
306,0xE5c6ac7A04e75d8556960D3a0831F251db498Be5,4.950426393911037e-05,5.298313315412443e-05,100.0,False,0.00010248681183482997
307,0x7b6555058649A1a63a6EA4fC1EAfd28e78949a0b,4.950426388218714e-05,5.298313309320097e-05,100.0,False,0.00010248681171698395
308,0x5a7BA787E7CF00f9Ce55CCf2C54Bf1C0C29231bF,4.950426382526439e-05,5.298313303227802e-05,100.0,False,0.00010248681159913892
309,0x191D60bFe770f85Bdf18858263d63f0571Fe5217,4.9504263768341145e-05,5.2983132971354546e-05,100.0,False,0.0001024868114812929
310,0x46ED94C2240c9b5A486bdDB3e073eb30C9b7a8F2,4.95042637114184e-05,5.29831329104316e-05,100.0,False,0.00010248681136344786
311,0x4d1f86cB18cC052aC63e5CC185fE1Ce73504F7a3,4.950426365449517e-05,5.298313284950814e-05,100.0,False,0.00010248681124560183
312,0x1F17032289Dc9Bb26cde9e400Af1C26b5DA0ff5D,4.950426359757193e-05,5.298313278858467e-05,100.0,False,0.00010248681112775579
313,0x64e5F1E0ACabF2605bD7083E0e5c49C269785382,4.948989430416969e-05,5.296775370555058e-05,100.0,False,0.00010245706292119878
314,0x855f1dE4E143D90C10e317B65d61E355520E66a1,4.948760353438116e-05,5.2965301953901856e-05,100.0,False,0.00010245232042684387
315,0xB83531c8A283B21f3c38295F8869F84B1543A36B,4.947416802158658e-05,5.295092227209778e-05,100.0,False,0.00010242450539108501
316,0xbcF05d19C85aa177A58ece89169FD241700F7d1c,4.947130176761899e-05,5.294785459461843e-05,100.0,False,0.00010241857149352402
317,0xBE3C90D34b757587C62852DCd57f7c8E1bc5547C,4.944679745295204e-05,5.292162826048998e-05,100.0,False,0.00010236784113442804
318,0xBf970e507672b30aBCE90bde4520e3939d423ADB,4.944679734959343e-05,5.292162814986794e-05,100.0,False,0.00010236784092044861
319,0x727Da77e0b3A0bdbF30856DF052552e6787f4AAA,4.944674491510905e-05,5.292157203059564e-05,100.0,False,0.00010236773236731183
320,0x6dFdA670994F628958F41636eE9891c6a165e3ef,4.944254008390986e-05,5.2917071708530635e-05,100.0,False,0.00010235902726375876
321,0xA44804c4d3d6D9Fa37102fD0aaE39d23de7a3839,4.942625008520243e-05,5.289963694429178e-05,100.0,False,0.0001023253026933991
322,0x3018B55796b0B9F6B4fe6853561FD33B9261ff30,4.942599885772345e-05,5.28993680620196e-05,100.0,False,0.00010232478258661805
323,0x91A55D0048f101083405e81F4b46C90Bc7c3c45A,4.933108608986212e-05,5.279778538171132e-05,100.0,False,0.00010212828826054359
324,0xd353bDE2c00ca5EE95461031808aD34Bcb2c78cA,4.932874359602221e-05,5.2795278271148364e-05,100.0,False,0.00010212343868383458
325,0xB8EE2A367C4e7Be085b5b00f9A01a0935fA5Ca6F,4.9328743558635046e-05,5.279527823113386e-05,100.0,False,0.00010212343860643336
326,0xF252BF538e897aC26cb252907C356b4e8C7e661D,4.9326795275706964e-05,5.279319303431267e-05,100.0,False,0.00010211940514971743
327,0x8637576EbDF8b8cb96de6a32C99cb8bDa61d2A11,4.9325845342750985e-05,5.279217634564206e-05,100.0,False,0.00010211743853932131
328,0x2eFa8674a2EDBe2484a34CB77673239fad225985,4.93221983774085e-05,5.2788273092973017e-05,100.0,False,0.00010210988836442561
329,0xEee1599DBde66fa17a56b7A3006d641E1229E951,4.932219834035282e-05,5.278827305331328e-05,100.0,False,0.00010210988828771062
330,0xE2Ee5e6cfF9aF16A4388394547Fc06BF80395780,4.932219830329714e-05,5.2788273013653545e-05,100.0,False,0.00010210988821099566
331,0x58B61d71A801BEffe49Ed1A8E01A908be965Ca1B,4.931963953075486e-05,5.2785534425589994e-05,100.0,False,0.00010210459088064062
332,0xB19C0C3334C18c8E5E779deFCaBBfAbCa73905F4,4.9306563067734384e-05,5.277153902547151e-05,100.0,False,0.00010207751917209662
333,0x9A593a0e3372E16b19521c176889472919c3c78c,4.9299991072321985e-05,5.276450518878117e-05,100.0,False,0.00010206391341769053
334,0xD299F46b223ba3047FEC3bA1D6D19f96D4f52127,4.929739521981537e-05,5.276172691499094e-05,100.0,False,0.00010205853932208286
335,0x8c97Da9740d23F9b126620c5EAd7F1c7E16340Ab,4.929739517421136e-05,5.276172686618215e-05,100.0,False,0.00010205853922767058
336,0x545E484a27C4E6777bF9baAB4C96f9E5E0D65FCD,4.923945333792474e-05,5.26997132176014e-05,100.0,False,0.00010193858442781384
337,0x353651A9e88ac04dC0AaFFBc24C7770e85AdF36d,4.920583821599402e-05,5.26637358221302e-05,100.0,False,0.00010186899230782278
338,0xA931D7bDFd8cF6506ccF8e873E6fC60daB6E5A66,4.9205247772566645e-05,5.266310388580306e-05,100.0,False,0.00010186776993504872
339,0xbe33903B7d7BeCC0f4B0fb6E7A88e88Db5567C18,4.920524773880593e-05,5.266310384966983e-05,100.0,False,0.00010186776986515519
340,0xfC1166cD08aA556CB0Feb875ce3f2ac16070D869,4.920524769154016e-05,5.26631037990825e-05,100.0,False,0.00010186776976730264
341,0x6Df371A2f66FE82Ad19bf56b8D66d3eD3bBdAe28,4.9200152524668795e-05,5.265765057377811e-05,100.0,False,0.00010185722143536393
342,0x9F7CFADc7835EB2Af46b32e2035DDA0511b5B5cA,4.917267619715428e-05,5.2628243371176766e-05,100.0,False,0.00010180033823008373
343,0x98780411E33E19F5a5c0D8cEA44d1A1E9a2f949F,4.9159224085381423e-05,5.261384592391561e-05,100.0,False,0.00010177248883008574
344,0x1BDB8adC0C51e7050f4b03f207947Bab6c7B545a,4.915280217379919e-05,5.260697271806644e-05,100.0,False,0.00010175919378857664
345,0x19DD2c36a632A1662523FC89776f0f3eec2e6B8a,4.9152746421431675e-05,5.260691304774964e-05,100.0,False,0.00010175907836655147
346,0x781CFaedAF9104fd9A2C4e1B4E4c2aE1ffb0E1F4,4.915274636548787e-05,5.260691298787445e-05,100.0,False,0.00010175907825073314
347,0x48b93C1c67a98267068d1E687Ba3a9E1593fc1a8,4.912075766045557e-05,5.2572676304338674e-05,100.0,False,0.0001016928532403478
348,0xC9Bb7204aEA2Dadd450fFf02E63bbCdEc67F3dCC,4.910965554997061e-05,5.256079400266785e-05,100.0,False,0.00010166986895944542
349,0x4472D85886373dB0Eb89a5B24719c916d1B71186,4.9053305083622644e-05,5.2500483556168064e-05,100.0,False,0.0001015532087127945
350,0x2A7B3760651334bdc5020394a5A9536b5e904Da8,4.900246842677419e-05,5.244607439734843e-05,100.0,False,0.00010144796349813689
351,0xED80f39CC520f4258813cB4aaae6563661e19b12,4.900246839783423e-05,5.244607436637473e-05,100.0,False,0.00010144796343822357
352,0xb5DD62c808B24E1974bD12Ef5C7B55646A8cC633,4.900154139904183e-05,5.244508222354615e-05,100.0,False,0.00010144604430756191
353,0xc9E53AB81B610E5Dfd0807c6b242Df84a3601932,4.900094906238977e-05,5.244444826094958e-05,100.0,False,0.00010144481801531614
354,0xF79998AD9B7b61294a1726f11f4897cFD9Ed20E7,4.899960875969567e-05,5.2443013769646054e-05,100.0,False,0.00010144204323716408
355,0xBB79893F1ffabC81364a1965676643F8fed01f99,4.8998534327129865e-05,5.244186383226351e-05,100.0,False,0.0001014398188799181
356,0xDA675a9888e16595C66C6c1DA684dF4e26f8aB69,4.899348741579753e-05,5.2436462253614297e-05,100.0,False,0.00010142937044960305
357,0x8F9340E9342cd594Cf7867A5264c5F7f95E3716f,4.8991583089401245e-05,5.2434424102332056e-05,100.0,False,0.00010142542799443819
358,0x384622A685F3A265D013ceae61C4c9D3B6df23Ee,4.899054101588816e-05,5.24333087980066e-05,100.0,False,0.00010142327062891946
359,0xe89D4C442e3Fc8924903bee6cf81D567D2D6dd07,4.898814075145779e-05,5.243073985707506e-05,100.0,False,0.00010141830145193439
360,0xAe80216c79bD7bDAB18A9D2FBD1A2b82c4c2DAce,4.898814072871724e-05,5.2430739832736426e-05,100.0,False,0.00010141830140485548
361,0x0D786953463224C8Fc0C955b5460bE60f01b04b3,4.898814065812732e-05,5.243073975718586e-05,100.0,False,0.00010141830125871583
362,0xb83Ac7549db7774aB59117483933bCF11f27C090,4.8984561701237285e-05,5.242690929220428e-05,100.0,False,0.00010141089187915601
363,0xFF1882511a5673194b252c35f2530562f74F47e4,4.8984420895107664e-05,5.242675859104602e-05,100.0,False,0.0001014106003735328
364,0x1819d92211767BAf387fB0CcAaf318b7dBAcdD0b,4.89834812939863e-05,5.242575296027074e-05,100.0,False,0.00010140865515274449
365,0x5F78dE4676C52b2d0C17b50d5efee777AbCAc70c,4.8983243692819635e-05,5.242549866188814e-05,100.0,False,0.00010140816325600422
366,0x92CBe89B5Cb1c22c2c16Bc465CaF34E3c80b617D,4.898294592621157e-05,5.242517996998995e-05,100.0,False,0.00010140754680101828
367,0x590Fe3Ec839E31d9D21433296e733971A615d98d,4.8982945903702336e-05,5.2425179945898894e-05,100.0,False,0.00010140754675441826
368,0x2Ea74591969F0bC580D451771163a3c27dF902B3,4.898167598352704e-05,5.242382078318464e-05,100.0,False,0.00010140491768654217
369,0x663EBA8A61cdDF13D8aD62e05dc0670a6c80A429,4.8981534931896946e-05,5.242366981927356e-05,100.0,False,0.00010140462567266858
370,0xbe5Ab6EC8053251d7DC5A2B4DD4F9055266B2FeC,4.8981534909451095e-05,5.242366979525035e-05,100.0,False,0.00010140462562619979
371,0x5B0486E6480ad08f9558021116DC1e84228591e7,4.8917514844642165e-05,5.2355150775909325e-05,100.0,False,0.00010127208729891961
372,0x21c69AB0962FAbd811b1f376eF85F5CAE5317eb2,4.8909955770085873e-05,5.234706049394431e-05,100.0,False,0.00010125643803176458
373,0x780701198a234052292F1f7c03aA4787Be39E740,4.890995574655703e-05,5.2347060468762e-05,100.0,False,0.00010125643798305371
374,0xE3DE117345f832f8c9c4A1fb070eE91234DFF91f,4.886671604705438e-05,5.230078213687707e-05,100.0,False,0.00010116692046286245
375,0xF87acaEC6a9FE096e33592DBaaEfb5C096ef5668,4.8865953750909217e-05,5.2299966271031425e-05,100.0,False,0.00010116534230988378
376,0x25E6bc33060c1fEe8e08532D0c1C32c4cBF10E2c,4.886595329976629e-05,5.2299965788184806e-05,100.0,False,0.00010116534137589958
377,0xF7a37305C9DCE3130cd4E30Ca3eE4D724D43eadc,4.8865953257525955e-05,5.229996574297607e-05,100.0,False,0.00010116534128845102
378,0x7eCb2bE93D804f0723a8B3B601504e92e3098323,4.886541436729509e-05,5.2299388982701594e-05,100.0,False,0.00010116422564431662
379,0x07D6e8987A17B95EEe44fBd2B7bB65c34442a5c7,4.8864286119124167e-05,5.2298181447868943e-05,100.0,False,0.00010116188987465164
380,0x799dbD3d68bd7A85279E48c20318cc5857d6E12b,4.8864052916625744e-05,5.22979318572672e-05,100.0,False,0.00010116140708430849
381,0x77Bd5f4f5A0B2B8C5FDDaC85eF4eEDb657DBf1D6,4.886376776585315e-05,5.229762666777137e-05,100.0,False,0.00010116081674741121
382,0x421CC7B6224accb6C12280E3b697c65d9D60AD70,4.886376771191809e-05,5.2297626610046054e-05,100.0,False,0.00010116081663575148
383,0x1E1C5535CE8FB6c6Dd7a2713be9de434B9bFc2dE,4.886310738717763e-05,5.2296919881557146e-05,100.0,False,0.00010115944959032874
384,0x78FDE30585153202002431490A5765094702C0FF,4.885385155793369e-05,5.228701360694035e-05,100.0,False,0.00010114028759589397
385,0x568161F734aBF64d5654c79EBEaF2548206eFD12,4.885013686182385e-05,5.2283037863783005e-05,100.0,False,0.00010113259720054334
386,0x8Ab1882333E36f4787876699288eb55fb3C2Bb82,4.885013684162578e-05,5.228303784216554e-05,100.0,False,0.00010113259715872803
387,0x43a66d39c830174AD5d06A68E2Fe21E748DEA8b3,4.884880770566477e-05,5.228161530232758e-05,100.0,False,0.00010112984549864264
388,0x81289035b2A56028ad488618B2FEe7d17f1cd2f1,4.8848288547025626e-05,5.228105966026532e-05,100.0,False,0.00010112877070407892
389,0x49e2A70d202BC22C6e573fD172b3B44242E293E1,4.8848288531200685e-05,5.228105964332829e-05,100.0,False,0.00010112877067131713
390,0xC4a00668136E174F79939220997097512B23066D,4.884809387889374e-05,5.228085131199929e-05,100.0,False,0.00010112836768998244
391,0x9965680Df158c11a5e27bCC33aa3F462139c6Dec,4.884784320833587e-05,5.2280583025785366e-05,100.0,False,0.00010112784873617417
392,0xBB50690DB3897CA5b1F63cFf6e0C061B93f9bFbd,4.8846114496783805e-05,5.2278732830528225e-05,100.0,False,0.00010112426984980246
393,0x1930b7F236d94E872A0b9DED104Ba092D85A3856,4.8846114482472547e-05,5.227873281521126e-05,100.0,False,0.00010112426982017438
394,0xC6326e5d3C128C38595134021A30af0C15916285,4.884582834962449e-05,5.227842657462546e-05,100.0,False,0.00010112367745012332
395,0x72789b9D7583a1ADD1Dc2093493f8D2a49255602,4.88458283338944e-05,5.227842655778995e-05,100.0,False,0.00010112367741755791
396,0x681aA036B5b2d705fE4F6A59E5174dA71D1aE5aB,4.884582831816382e-05,5.2278426540953914e-05,100.0,False,0.00010112367738499147
397,0x4A98C5763fD1cf17Be983D093B55549E77B27d68,4.880315236556384e-05,5.223275157279632e-05,100.0,False,0.00010103532696876539
398,0xC4be9875ca8Fa38BDcEE74d6cDd19B5CebD42A67,4.8800370781780415e-05,5.2229774515624884e-05,100.0,False,0.00010102956836069547
399,0xE31B1DFB272E23c9c3bcB06cad99603EaCB77c2F,4.8800001071306936e-05,5.222937882406852e-05,100.0,False,0.0001010288029630365
400,0x26bA93178cebd306f5677aBA2c7b3e4300496758,4.8800000931114764e-05,5.222937867402447e-05,100.0,False,0.00010102880267280192
401,0x3C795E4F750B15b61159E8f38dCA512256a021C7,4.880000090817339e-05,5.2229378649470906e-05,100.0,False,0.00010102880262530726
402,0x708796e46B7204FbBDa072FE6980991F1B99C392,4.879945963794822e-05,5.222879934195009e-05,100.0,False,0.00010102768205396037
403,0xa5b7891cfebDCf04B62Ede5D68E7cE524d4Cdc86,4.879945962022585e-05,5.2228799322982304e-05,100.0,False,0.00010102768201727044
404,0x02Fa32A94F034379673d949EBfa0C280F8403B5b,4.8797783912132114e-05,5.222700585595555e-05,100.0,False,0.00010102421286196082
405,0x2b749d044E42cf7974a3d7DAc16b39B5d88Fe0ce,4.879077992001884e-05,5.2219509664370836e-05,100.0,False,0.00010100971276106672
406,0x64A778e38Dd49064D66a426D2dd752d78463543b,4.87594191068426e-05,5.2185944997246764e-05,100.0,False,0.00010094478765152597
407,0x46b4d316792344d4f1f54D20C4eAd3a8fd59F219,4.8759418978504856e-05,5.21859448598902e-05,100.0,False,0.00010094478738583316
408,0xfd35624baf2F0b3755b7CfbeFEC7bF62f9761702,4.875895685863853e-05,5.2185450264951046e-05,100.0,False,0.00010094383067649105
409,0x4820e8F84B94428aBAfEb4Ec43983DE3bdFf8e3B,4.875892021104805e-05,5.218541104198293e-05,100.0,False,0.00010094375480636572
410,0xc22E2e7f7714Bb08ced43e0a41B2dB13F45e715b,4.875892020008016e-05,5.2185411030244274e-05,100.0,False,0.00010094375478365929
411,0x398e792451c8C986e88E0cBf6b9f46fD698BF3ac,4.8758920189111774e-05,5.21854110185051e-05,100.0,False,0.00010094375476095184
412,0xcBf248983d465dA9cF6353Dfe09FB34C90fFF7fF,4.875892017814338e-05,5.218541100676592e-05,100.0,False,0.00010094375473824442
413,0x543F3B7233F461935255ba32F71b9D910F91f6A0,4.8758920167175484e-05,5.218541099502726e-05,100.0,False,0.00010094375471553799
414,0x892955812b9EB88E7Fe01c4B8748F103EC5389FF,4.875892004652373e-05,5.2185410865896816e-05,100.0,False,0.00010094375446575722
415,0x33A924165E1F2bE5142FD19d1b2f091CB23bfd3F,4.875892000155365e-05,5.218541081776649e-05,100.0,False,0.00010094375437265734
416,0x1b7a0DA1D9c63D9B8209fa5cE98aC0D148960800,4.875891996571743e-05,5.218541077941191e-05,100.0,False,0.00010094375429846699
417,0xcBE1532F6635710e8FC805b0D1a8c4e72990bEFE,4.875891995255546e-05,5.2185410765325e-05,100.0,False,0.00010094375427121826
418,0x5189bd02E3631c29bf3B49c4A92c9aE6ccC2c8A8,4.875884422178629e-05,5.2185329712641706e-05,100.0,False,0.0001009435974886611
419,0x1400e81DD092aa65B183Da12259CC333fE8f645E,4.875644327861731e-05,5.2182760045273784e-05,100.0,False,0.00010093862690650906
420,0x867DF8AE5fBe11bDEb0C6Ca5f116dBb8A57b51D3,4.875201991525954e-05,5.2178025833892264e-05,100.0,False,0.00010092946938406446
421,0xdddA9CBFd063E947D23802138bb3a0dBD320385e,4.8750217011312545e-05,5.2176096232434e-05,100.0,False,0.00010092573689997385
422,0x9de2FF856d00941F328EdBC58F0ba3fFF10f6116,4.874861585651936e-05,5.2174382557876333e-05,100.0,False,0.00010092242208955246
423,0x2ec48F301c6d99217ccFa3209beB7e192533d504,4.873466658463326e-05,5.2159453013006156e-05,100.0,False,0.00010089354343770983
424,0x97774b62789CcCBa78940C024aDf2a69006E376c,4.8720888263896744e-05,5.214470643272934e-05,100.0,False,0.00010086501869958908
425,0x98F93AD29d4Fe210b9D33E910335C88C333db87A,4.872042904666684e-05,5.2144214944406865e-05,100.0,False,0.00010086406799946575
426,0xb0555a0F25fA35f9BB80D519c36BE9E9ff45aC07,4.871957388014116e-05,5.214329968179525e-05,100.0,False,0.00010086229758043856
427,0xe67d3b0BDfd1D853FBcE6C0898b464e332a67B18,4.871957387002978e-05,5.2143299670973304e-05,100.0,False,0.00010086229755950535
428,0xb577dFca930c6639D0a18BfF708D2F65ed24fF0e,4.8719572962304736e-05,5.2143298699458666e-05,100.0,False,0.0001008622956802764
429,0x08F236c3050E73f25f7FB828e2311EACb7aF8f5B,4.871957295219336e-05,5.214329868863673e-05,100.0,False,0.0001008622956593432
430,0xf6261D145Ec7676DC0E55424B679403F1Ca89640,4.8719114008068786e-05,5.214280749261182e-05,100.0,False,0.00010086134552461956
431,0x1A97933f5fF25BC7849cef61ADdB20d598C5613C,4.871318015636728e-05,5.213645664462821e-05,100.0,False,0.0001008490608950867
432,0x94E4e07074D1cD970723C7A66E7688c32DFdEfa7,4.871316951879802e-05,5.213644525951299e-05,100.0,False,0.00010084903887252798
433,0x430FB31c133161162278d9271cDd15DD1925e2dd,4.871316950881343e-05,5.2136445248826744e-05,100.0,False,0.00010084903885185726
434,0xE5Ad76F97CFB51344238C5f1b2408d217BC36694,4.871315605333762e-05,5.213643084777904e-05,100.0,False,0.00010084901099549282
435,0x75Dd1bB13c6A9b90078144532Ef5ea241BAD90b8,4.8711615043165426e-05,5.213478154445346e-05,100.0,False,0.00010084582070021348
436,0x8306D7B380AdA3F71b1d0B53b39F9d8319C08832,4.870936401623332e-05,5.213237232855595e-05,100.0,False,0.00010084116048399634
437,0x15c27ED229C6C345748603EA5DD53F6eb18B7Eb7,4.8709242959605557e-05,5.213224276477864e-05,100.0,False,0.00010084090986502245
438,0xb0dDAB71AE6881E22891666Ce1849C6839ffCDc8,4.870772519293142e-05,5.213061833836779e-05,100.0,False,0.00010083776768988108
439,0x466064ab0366a325d34926321958C7068708a1AE,4.870772516356706e-05,5.213061830693987e-05,100.0,False,0.00010083776762908917
440,0x464F27C7c5983541B3C6CD1cd0fe264A48a1271D,4.8707230727833425e-05,5.2130089125163864e-05,100.0,False,0.00010083674401742492
441,0xF98bA4e9C697b61539Ee00f982cdFB9f241F4238,4.8707093959209946e-05,5.2129942745243994e-05,100.0,False,0.0001008364608704985
442,0x6D6B6FE1450D471d707dDEafc73F96fD7B84B209,4.870679358471189e-05,5.212962126218859e-05,100.0,False,0.00010083583901649619
443,0x139574b23f907867D9661510B64b2Ea27d202af8,4.870603586346468e-05,5.2128810292737875e-05,100.0,False,0.00010083427033475635
444,0x489D69939b4Aca357f630055e351A81F1Fbb7Fb6,4.8704936317472706e-05,5.212763347710492e-05,100.0,False,0.00010083199398613065
445,0x4420aCB8F341c8165FF46255e8372D5684DF53AE,4.870393854913276e-05,5.2126565591460204e-05,100.0,False,0.00010082992834394198
446,0xd4c0C627684003d72639B856BB62a937293e5C87,4.870393853946029e-05,5.212656558110802e-05,100.0,False,0.00010082992832391746
447,0xA8C925EF7C8a4d11CF59651328D5160D6b341407,4.870393852515388e-05,5.212656556579622e-05,100.0,False,0.0001008299282942994
448,0xFe95B3f443B57d04718767735DB3EB7048B2337F,4.870393847679203e-05,5.2126565514035796e-05,100.0,False,0.00010082992819417772
449,0x1092344BD96F351a00D07e75fa4974076342b779,4.870391347422029e-05,5.212653875443001e-05,100.0,False,0.00010082987643229578
450,0x8847EBaaf29A18396e49191602f8d8D141b98aa7,4.870391346454831e-05,5.212653874407834e-05,100.0,False,0.00010082987641227226
451,0xA42fc4cA35DBE3c9c529c6509445Fe7664E22bb9,4.870391345487634e-05,5.212653873372667e-05,100.0,False,0.00010082987639224872
452,0xC357236Ed6f97F3810127A345E084ba1f06aBAAf,4.87038893150794e-05,5.212651289752644e-05,100.0,False,0.00010082982641653693
453,0xB5526cefB46E8f574c1704D48657711eAeC646Da,4.8703889305408866e-05,5.212651288717632e-05,100.0,False,0.00010082982639651641
454,0xE41e2e8813FfBb2151F34944f563585644FD206B,4.870385277275851e-05,5.212647378722564e-05,100.0,False,0.00010082975076434726
455,0x80D94B1019a6F2E0674b8807363eD7ca2e5A2C46,4.870385276308798e-05,5.212647377687552e-05,100.0,False,0.00010082975074432674
456,0xe408F784458eA8BECF9F12872eA78f10e06cfBA8,4.870380817309833e-05,5.212642605336303e-05,100.0,False,0.00010082965843135177
457,0x08b7Ab9bbC3a07cF7f75b4aCEC5b536b7e040Cfc,4.8703745272074256e-05,5.212635873202404e-05,100.0,False,0.00010082952820973233
458,0xd9e438A14bCd8b22782f8C8348F5690f3a31289c,4.8703745262407116e-05,5.212635872167755e-05,100.0,False,0.00010082952818971882
459,0xC23F78C43b810f3A29168d5652C34f387D44dda3,4.870237920693687e-05,5.2124896667843854e-05,100.0,False,0.00010082670009656491
460,0x80bb6FAa87B9Ae4F5f6E192eb497400B859c4f15,4.870237919731085e-05,5.2124896657541386e-05,100.0,False,0.00010082670007663653
461,0xAb5033097D6dFcbb4F0218c3670FEEdb8BF27eAa,4.8702379187685336e-05,5.212489664723944e-05,100.0,False,0.00010082670005670918
462,0xB3430b686daA829162D2aba22C815Ad3B5882f00,4.870196963187415e-05,5.212445831024881e-05,100.0,False,0.0001008258521687493
463,0xC9652D991e1B66Ff7cD9054Ec075E256Aff0cBE5,4.869836123027465e-05,5.2120596331356354e-05,100.0,False,0.00010081838183091724
464,0x205e54D648157A77efDA3d4d9a031Afa093194C5,4.8693780545859436e-05,5.211569374331653e-05,100.0,False,0.00010080889861261683
465,0xcF9225A613a03D405A1b8182FfCDEF9682fb59EC,4.869378050475389e-05,5.211569369932232e-05,100.0,False,0.00010080889852751754
466,0x154d455D70Dfe6c8E2987946fdA471DA30cBeD03,4.869378044221144e-05,5.2115693632384763e-05,100.0,False,0.0001008088983980383
467,0x078B8Ff955e3cf77550Bf2f2eDFc0AAcbc29ADc6,4.8693716330041267e-05,5.211562501478742e-05,100.0,False,0.00010080876566902872
468,0xa8204bD4ee832E2fBF87B35b51A3DBA7Bf8B5787,4.869342733956606e-05,5.211531571575721e-05,100.0,False,0.00010080816738293988
469,0x4872A286645a3733Daff9aBC1D196Fd4704B5C9B,4.869342351509754e-05,5.2115311622527484e-05,100.0,False,0.00010080815946528683
470,0xA2DE8A1234edaC229bf30FEC1a95ccFB3af69cd8,4.869342322582612e-05,5.211531131292776e-05,100.0,False,0.0001008081588664191
471,0x1CBD934Eaf49FE310Ba4E27606029c9dEF0168E3,4.86934232011141e-05,5.211531128647912e-05,100.0,False,0.00010080815881525876
472,0xff879CA9C84D976dB7E0180436e3a689eD70E1D2,4.8691833907187354e-05,5.211361030630002e-05,100.0,False,0.00010080486855994213
473,0x3e181083A405B2fC93322895d4848e63040Fa63f,4.8691833804381366e-05,5.211361019626943e-05,100.0,False,0.00010080486834710678
474,0x89d67EeF9FeC1Df2403851dFF42308D0BcE3D6Ce,4.869177817529035e-05,5.211355065789229e-05,100.0,False,0.00010080475318029627
475,0x2d040D4747a71012007b905917CB4Aa061d6e631,4.868709704538778e-05,5.2108540565645594e-05,100.0,False,0.00010079506201348914
476,0x1740735D7ff5790024d6bcaa69589b14B2C394E9,4.868709683094972e-05,5.210854033613808e-05,100.0,False,0.00010079506156954609
477,0x1BDa0a00d113eee140757AA5603c7ccA15295153,4.868709679768018e-05,5.2108540300530556e-05,100.0,False,0.00010079506150066941
478,0xD512e0AeeA0228a35253ECE18e40192E434C61fd,4.8687096660641185e-05,5.210854015386126e-05,100.0,False,0.00010079506121696275
479,0xE51104da7e246d30111Cc83F396C37515765B139,4.868706405876063e-05,5.210850526091183e-05,100.0,False,0.0001007949937225182
480,0x36Dd77F64A2Cd3605f47FDE256db39062eE23420,4.867539344392689e-05,5.209601450374216e-05,100.0,False,0.00010077083248848926
481,0x66b279A073847948893f95413ab1A74c1e51b874,4.86753934240574e-05,5.209601448247635e-05,100.0,False,0.0001007708324473542
482,0x519dB92F9dB437A75a6Cc1733e451AE0bd39B0AC,4.8654358735207717e-05,5.2073501599110406e-05,100.0,False,0.00010072728512381875
483,0x08fc9477fE3819126b941cA3FdF9fcCf6C801F66,4.864642278029791e-05,5.206500795185189e-05,100.0,False,0.00010071085561547233
484,0x53d09055E5B96B676816b1bCBBc20fF00df6F8Ab,4.863924343229515e-05,5.205732408139463e-05,100.0,False,0.0001006959924818893
485,0x13224F6760C29f4Da18ee3Fc5436e64010f0c1b0,4.8630235524784084e-05,5.204768315099547e-05,100.0,False,0.00010067734375047403
486,0x4d04a3Bfd8D9EEC765412CB03a3020215ea58156,4.863023544764681e-05,5.204768306843744e-05,100.0,False,0.00010067734359077965
487,0x1FC94C42ed185BfdB26881b59f2A2948B3354aBA,4.8630158353080994e-05,5.2047600556117875e-05,100.0,False,0.00010067718398480569
488,0x7cD9fF84ABF2B23E825154Aca2A62fAfe185Bd5E,4.8630158346070536e-05,5.204760054861476e-05,100.0,False,0.00010067718397029222
489,0x3AB7Fcd5798713A03887661dc495B5f82092feAB,4.8629491670133065e-05,5.204688702260396e-05,100.0,False,0.00010067580377622564
490,0xEadAa45fC7e8912d8AabF415205830f6b567610b,4.8629491590999656e-05,5.2046886937909526e-05,100.0,False,0.00010067580361239872
491,0x73165a7BF621F466C63F6A0c8F08e969772c2a6D,4.862949158400613e-05,5.204688693042454e-05,100.0,False,0.0001006758035979203
492,0x321614602Ff49B672287e670ee361AB94865ebcb,4.8629490108319e-05,5.204688535103477e-05,100.0,False,0.00010067580054286085
493,0x5e6A70BcE4f53A3f56E9047F1378d8Eba6eCf79B,4.862807769152547e-05,5.204537367787602e-05,100.0,False,0.0001006728764696067
494,0xbBAe3591144357F6Ca3d87cf1B8e1b07A03116Be,4.862635180120782e-05,5.20435265021131e-05,100.0,False,0.00010066930342393026
495,0x28D59cDC5cb8BaD8f348c05448E2FC090D8D9601,4.860740827534838e-05,5.2023251736402936e-05,100.0,False,0.00010063008535631828
496,0xc293Bb411caDaFb8badEc8Cfe91D56ACE3b408E3,4.860710542308709e-05,5.202292760146164e-05,100.0,False,0.00010062945837269614
497,0x5b49E6965Be107636b1c4e5045D5F36F7ef1897b,4.860673023040968e-05,5.202252604244422e-05,100.0,False,0.00010062868162543699
498,0xaE256cD2d13353e549d09aEA8D4105c8d1cc09d8,4.860673022398816e-05,5.202252603557142e-05,100.0,False,0.00010062868161214273
499,0x31c5640258BbDa28c421f9d102e0966BD581C39c,4.859392188134048e-05,5.200881759775241e-05,100.0,False,0.00010060216498310117
500,0x5f1bF06BA6aeB4396f04745121f6C420bfa2a588,4.859392187298958e-05,5.200881758881466e-05,100.0,False,0.00010060216496581263
501,0xbbc64b125d9582ac40850F81016EEDAbDF69aC02,4.858827541843482e-05,5.200277433456303e-05,100.0,False,0.00010059047532376078
502,0xceC771B3AB9204c4EB0B731111658e7C8bA539cF,4.858826264263253e-05,5.200276066095232e-05,100.0,False,0.00010059044887449883
503,0x9ec14a04Cb7822b56BEf9D46357604b6F3A673CC,4.85860246085181e-05,5.200036535093146e-05,100.0,False,0.00010058581555682245
504,0x150b7e512654167f92D27B3f0F5fb14F131184EA,4.857484095343213e-05,5.198839577418352e-05,100.0,False,0.000100562662457206
505,0x59070F02Fa3693Bb7af1A41e80cC0aE3f1509E4b,4.8574840945691446e-05,5.1988395765898865e-05,100.0,False,0.00010056266244118077
506,0xbAAC5a60066184d4F52D5ded58ffc5F258fFE414,4.857345466173833e-05,5.198691206204321e-05,100.0,False,0.00010055979246976116
507,0xAcFEa5Dd8FB15D893FEF331391c8DF21Df719603,4.857107335298397e-05,5.1984363408881366e-05,100.0,False,0.0001005548625359977
508,0x9FF38559bff25022f27Dd4d469Fd4561eAA816B7,4.8568728795597764e-05,5.19818540897582e-05,100.0,False,0.0001005500086872066
509,0x3cFF25215E85B9cA0C07A7c1bA8643319Be80AA8,4.856652108016101e-05,5.197949122903381e-05,100.0,False,0.0001005454381371459
510,0x8b31e0f7FAeD8de8f0A1DDA697750Ea923A93740,4.85650236142645e-05,5.197788853002011e-05,100.0,False,0.00010054233798993931
511,0xb5F7220949635edcB7A0c149df197A748E3D2983,4.8564566946855454e-05,5.197739977070495e-05,100.0,False,0.00010054139256861402
512,0x803f859CE7874994fE9e94189202eF38e3c6E1Af,4.85640594511471e-05,5.197685661117583e-05,100.0,False,0.00010054034191937634
513,0x7395987B2853E625bd12b43AeE453106089daD6C,4.856405944378436e-05,5.197685660329567e-05,100.0,False,0.00010054034190413353
514,0xf4cFA4CeD07Cf430903c851603424041649C78C0,4.856405943642209e-05,5.197685659541604e-05,100.0,False,0.00010054034188889172
515,0x2B840A936af74B20541Aa3BD820Bf488AF1A6715,4.856268919169283e-05,5.197539005792679e-05,100.0,False,0.00010053750512287277
516,0xf3119222FefD46875391333Ed596246194717f70,4.8562688957174284e-05,5.1975389806927645e-05,100.0,False,0.00010053750463735786
517,0x5dC506e8BF8CdD0Ab6faB477443BE1032a1a8539,4.85626889497946e-05,5.197538979902937e-05,100.0,False,0.00010053750462207998
518,0x959740D1608c4124CEE7d1319D413F3348f221Ae,4.856268893153026e-05,5.1975389779481514e-05,100.0,False,0.00010053750458426798
519,0xF5D13B0477C1ca0722cf1eD8879CC3C26530c5e9,4.856266159124084e-05,5.197536051787696e-05,100.0,False,0.00010053744798269725
520,0x29bCCe0253c52780452103BcF09C60d848bDD91d,4.856170557212632e-05,5.1974337315348295e-05,100.0,False,0.0001005354687723565
521,0x07bb98C1c3dBbDdBe0BEf1a8043F705EcC3D4273,4.855887874836105e-05,5.1971311838994515e-05,100.0,False,0.00010052961650565722
522,0xEab02859973E6b37025bd2f79ac048bC37cE6998,4.855821488007212e-05,5.197060131793734e-05,100.0,False,0.00010052824212415963
523,0x34F9C0B11e67d72AD65C41Ff90A6989846f28c22,4.8558214872900524e-05,5.197060131026177e-05,100.0,False,0.00010052824210931254
524,0xA16878Bb974e7E0a9a1eeAe45aF80991a2a7800d,4.855821486572892e-05,5.1970601302586186e-05,100.0,False,0.00010052824209446546
525,0xFc7291E835409d4A1d66e6e2daB50A447212f3Cd,4.855426624331856e-05,5.1966375194160446e-05,100.0,False,0.00010052006741031147
526,0xFD5fE298cD5255BE0203B73A0C917B6736A27c06,4.855426623626262e-05,5.1966375186608645e-05,100.0,False,0.00010052006739570382
527,0xF232a4929942deCde4aB59c779f6B4393e64359c,4.855426622920717e-05,5.1966375179057374e-05,100.0,False,0.00010052006738109717
528,0x7d99513d132c0030cFE254Bb36fc2AEbf2A51831,4.8553608263932916e-05,5.196567097584411e-05,100.0,False,0.0001005187052203884
529,0xDbB9b22678dB779942d88B0c35489e33Ab685483,4.855334681921974e-05,5.196539115833045e-05,100.0,False,0.00010051816396125244
530,0x285e36a6a0dEb70c83291d0AA02b4D20ba3ef907,4.855334681219524e-05,5.196539115081232e-05,100.0,False,0.0001005181639467099
531,0x6b7Aa5D572fbCB67252165Def631305E00C49f7b,4.855334679112178e-05,5.1965391128257936e-05,100.0,False,0.0001005181639030823
532,0xcb4d5E7026C3F86348C80D918bA9E511295399f1,4.8553346784097777e-05,5.196539112074033e-05,100.0,False,0.00010051816388854076
533,0x13b3fF6f1d996eAf36022eA2a92669e1371E46d7,4.85533467770728e-05,5.196539111322168e-05,100.0,False,0.00010051816387399723
534,0xbF923438A135a99712D4c4b3DB413a0817a90f99,4.855334677004783e-05,5.196539110570303e-05,100.0,False,0.00010051816385945369
535,0xFAee289c8a5fe008c0CE4f9dad3FAF7aF014Bb93,4.8552913212489114e-05,5.196492708026289e-05,100.0,False,0.00010051726628158051
536,0xeb2913Edd64F88813C873Bf4320FC03C4e49bdcD,4.8552913205474306e-05,5.196492707275512e-05,100.0,False,0.00010051726626705802
537,0xaecE35fb29cE6bF63A753E0682363C77976c668B,4.8552106453573724e-05,5.19640636270644e-05,100.0,False,0.00010051559607900447
538,0x000566B53E028d21e104E4320dE61c2314ef4064,4.85384362260078e-05,5.1949432736111986e-05,100.0,False,0.00010048729512210078
539,0x0D8AA7066ae68e029D3097e2241AB739aD058fd7,4.841911544765691e-05,5.1821726793545205e-05,100.0,False,0.00010024026981183915
